ML Model Name,Accuracy,AUC,Precision,Recall,F1,MCC
Random Forest (Ensemble),0.8668366108278709,0.812211808340016,0.4351496546431312,0.6109913793103449,0.5082922456297624,0.44214945006490386
XGBoost (Ensemble),0.8471716436028163,0.8089200109674984,0.3917593198168738,0.6454741379310345,0.4875864875864876,0.42144442885661376
Logistic Regression,0.8350327749453751,0.8009413032454362,0.3678724708767627,0.646551724137931,0.46893317702227433,0.40108374113193157
Naive Bayes (Gaussian),0.8049283806749211,0.7754990654040286,0.31717824448034465,0.634698275862069,0.4229802513464991,0.348984982862235
kNN,0.8951201747997086,0.7558536811877918,0.5730593607305936,0.2704741379310345,0.36749633967789164,0.3450835323741187
Decision Tree,0.8468074775430929,0.6191699048304166,0.3215811965811966,0.32435344827586204,0.3229613733905579,0.23659856840537621
